Workbook

Sheet Sales
A1: OrderID | B1: Order date | C1: Order Month | D1: CustomerID | E1: ProductID | F1: Quantity | G1: SalesAmount | H1: Category | I1: Country | J1: SIGNUPDATE | K1: SIGNUPMONTH | L1: Column1
A2: ORD0001 | B2: 45302 | C2: =TEXT(B2, "mmm") -> Jan | D2: CUST115 | E2: PROD020 | F2: 5 | G2: 2098.25 | H2: =VLOOKUP(Sales!E:E, Table2[#All], 3,FALSE) -> Sports | I2: =VLOOKUP(D:D,Table3[#All], 4, FALSE) -> Canada | J2: =VLOOKUP(D:D,Table3[#All], 5, FALSE) -> 45210 | K2: =TEXT(Table1[[#This Row],[SIGNUPDATE]], "mmm, yy") -> Oct, 23 | L2: =IFERROR(VLOOKUP(D:D,Customer_info!A:A, 1, FALSE), "Not found") -> CUST115
A3: ORD0002 | B3: 45312 | C3: =TEXT(B3, "mmm") -> Jan | D3: CUST077 | E3: PROD032 | F3: 5 | G3: 199.35 | H3: =VLOOKUP(Sales!E:E, Table2[#All], 3,FALSE) -> Sports | I3: =VLOOKUP(D:D,Table3[#All], 4, FALSE) -> India | J3: =VLOOKUP(D:D,Table3[#All], 5, FALSE) -> 44985 | K3: =TEXT(Table1[[#This Row],[SIGNUPDATE]], "mmm, yy") -> Feb, 23 | L3: =IFERROR(VLOOKUP(D:D,Customer_info!A:A, 1, FALSE), "Not found") -> CUST077
A4: ORD0003 | B4: 45460 | C4: =TEXT(B4, "mmm") -> Jun | D4: CUST091 | E4: PROD017 | F4: 4 | G4: 946.76 | H4: =VLOOKUP(Sales!E:E, Table2[#All], 3,FALSE) -> Home | I4: =VLOOKUP(D:D,Table3[#All], 4, FALSE) -> Canada | J4: =VLOOKUP(D:D,Table3[#All], 5, FALSE) -> 44927 | K4: =TEXT(Table1[[#This Row],[SIGNUPDATE]], "mmm, yy") -> Jan, 23 | L4: =IFERROR(VLOOKUP(D:D,Customer_info!A:A, 1, FALSE), "Not found") -> CUST091
A5: ORD0004 | B5: 45436 | C5: =TEXT(B5, "mmm") -> May | D5: CUST097 | E5: PROD006 | F5: 5 | G5: 1972.3 | H5: =VLOOKUP(Sales!E:E, Table2[#All], 3,FALSE) -> Clothing | I5: =VLOOKUP(D:D,Table3[#All], 4, FALSE) -> Canada | J5: =VLOOKUP(D:D,Table3[#All], 5, FALSE) -> 44967 | K5: =TEXT(Table1[[#This Row],[SIGNUPDATE]], "mmm, yy") -> Feb, 23 | L5: =IFERROR(VLOOKUP(D:D,Customer_info!A:A, 1, FALSE), "Not found") -> CUST097
A6: ORD0005 | B6: 45372 | C6: =TEXT(B6, "mmm") -> Mar | D6: CUST018 | E6: PROD039 | F6: 5 | G6: 1039.25 | H6: =VLOOKUP(Sales!E:E, Table2[#All], 3,FALSE) -> Clothing | I6: =VLOOKUP(D:D,Table3[#All], 4, FALSE) -> United States | J6: =VLOOKUP(D:D,Table3[#All], 5, FALSE) -> 45101 | K6: =TEXT(Table1[[#This Row],[SIGNUPDATE]], "mmm, yy") -> Jun, 23 | L6: =IFERROR(VLOOKUP(D:D,Customer_info!A:A, 1, FALSE), "Not found") -> CUST018
A7: ORD0006 | B7: 45344 | C7: =TEXT(B7, "mmm") -> Feb | D7: CUST038 | E7: PROD007 | F7: 3 | G7: 309.9 | H7: =VLOOKUP(Sales!E:E, Table2[#All], 3,FALSE) -> Beauty | I7: =VLOOKUP(D:D,Table3[#All], 4, FALSE) -> US | J7: =VLOOKUP(D:D,Table3[#All], 5, FALSE) -> 45010 | K7: =TEXT(Table1[[#This Row],[SIGNUPDATE]], "mmm, yy") -> Mar, 23 | L7: =IFERROR(VLOOKUP(D:D,Customer_info!A:A, 1, FALSE), "Not found") -> CUST038
A8: ORD0007 | B8: 45353 | C8: =TEXT(B8, "mmm") -> Mar | D8: CUST060 | E8: PROD027 | F8: 3 | G8: 449.31 | H8: =VLOOKUP(Sales!E:E, Table2[#All], 3,FALSE) -> Beauty | I8: =VLOOKUP(D:D,Table3[#All], 4, FALSE) -> United Kingdom | J8: =VLOOKUP(D:D,Table3[#All], 5, FALSE) -> 45053 | K8: =TEXT(Table1[[#This Row],[SIGNUPDATE]], "mmm, yy") -> May, 23 | L8: =IFERROR(VLOOKUP(D:D,Customer_info!A:A, 1, FALSE), "Not found") -> CUST060
A9: ORD0008 | B9: 45393 | C9: =TEXT(B9, "mmm") -> Apr | D9: CUST115 | E9: PROD024 | F9: 3 | G9: 1356.6 | H9: =VLOOKUP(Sales!E:E, Table2[#All], 3,FALSE) -> Beauty | I9: =VLOOKUP(D:D,Table3[#All], 4, FALSE) -> Canada | J9: =VLOOKUP(D:D,Table3[#All], 5, FALSE) -> 45210 | K9: =TEXT(Table1[[#This Row],[SIGNUPDATE]], "mmm, yy") -> Oct, 23 | L9: =IFERROR(VLOOKUP(D:D,Customer_info!A:A, 1, FALSE), "Not found") -> CUST115
A10: ORD0009 | B10: 45463 | C10: =TEXT(B10, "mmm") -> Jun | D10: CUST006 | E10: PROD024 | F10: 2 | G10: 904.4 | H10: =VLOOKUP(Sales!E:E, Table2[#All], 3,FALSE) -> Beauty | I10: =VLOOKUP(D:D,Table3[#All], 4, FALSE) -> UK | J10: =VLOOKUP(D:D,Table3[#All], 5, FALSE) -> 45229 | K10: =TEXT(Table1[[#This Row],[SIGNUPDATE]], "mmm, yy") -> Oct, 23 | L10: =IFERROR(VLOOKUP(D:D,Customer_info!A:A, 1, FALSE), "Not found") -> CUST006
A11: ORD0010 | B11: 45409 | C11: =TEXT(B11, "mmm") -> Apr | D11: CUST021 | E11: PROD006 | F11: 3 | G11: 1183.38 | H11: =VLOOKUP(Sales!E:E, Table2[#All], 3,FALSE) -> Clothing | I11: =VLOOKUP(D:D,Table3[#All], 4, FALSE) -> UK | J11: =VLOOKUP(D:D,Table3[#All], 5, FALSE) -> 44974 | K11: =TEXT(Table1[[#This Row],[SIGNUPDATE]], "mmm, yy") -> Feb, 23 | L11: =IFERROR(VLOOKUP(D:D,Customer_info!A:A, 1, FALSE), "Not found") -> CUST021
A12: ORD0011 | B12: 45310 | C12: =TEXT(B12, "mmm") -> Jan | D12: CUST041 | E12: PROD005 | F12: 3 | G12: 877.02 | H12: =VLOOKUP(Sales!E:E, Table2[#All], 3,FALSE) -> Sports | I12: =VLOOKUP(D:D,Table3[#All], 4, FALSE) -> US | J12: =VLOOKUP(D:D,Table3[#All], 5, FALSE) -> 45286 | K12: =TEXT(Table1[[#This Row],[SIGNUPDATE]], "mmm, yy") -> Dec, 23 | L12: =IFERROR(VLOOKUP(D:D,Customer_info!A:A, 1, FALSE), "Not found") -> CUST041
A13: ORD0012 | B13: 45409 | C13: =TEXT(B13, "mmm") -> Apr | D13: CUST110 | E13: PROD028 | F13: 1 | G13: 334.32 | H13: =VLOOKUP(Sales!E:E, Table2[#All], 3,FALSE) -> Sports | I13: =VLOOKUP(D:D,Table3[#All], 4, FALSE) -> US | J13: =VLOOKUP(D:D,Table3[#All], 5, FALSE) -> 45151 | K13: =TEXT(Table1[[#This Row],[SIGNUPDATE]], "mmm, yy") -> Aug, 23 | L13: =IFERROR(VLOOKUP(D:D,Customer_info!A:A, 1, FALSE), "Not found") -> CUST110
... A361: ORD0360 | B361: 45295 | C361: =TEXT(B361, "mmm") -> Jan | D361: CUST103 | E361: PROD024 | F361: 5 | G361: 2261 | H361: =VLOOKUP(Sales!E:E, Table2[#All], 3,FALSE) -> Beauty | I361: =VLOOKUP(D:D,Table3[#All], 4, FALSE) -> US | J361: =VLOOKUP(D:D,Table3[#All], 5, FALSE) -> 45197 | K361: =TEXT(Table1[[#This Row],[SIGNUPDATE]], "mmm, yy") -> Sep, 23 | L361: =IFERROR(VLOOKUP(D:D,Customer_info!A:A, 1, FALSE), "Not found") -> CUST103

Sheet Products
A1: ProductID | B1: ProductName | C1: Category | D1: UnitPrice
A2: PROD001 | B2: Product_1 | C2: Electronics | D2: 431.22
A3: PROD002 | B3: Product_2 | C3: Electronics | D3: 261.94
A4: PROD003 | B4: Product_3 | C4: Home | D4: 337.8
A5: PROD004 | B5: Product_4 | C5: Clothing | D5: 274.22
A6: PROD005 | B6: Product_5 | C6: Sports | D6: 292.34
A7: PROD006 | B7: Product_6 | C7: Clothing | D7: 394.46
A8: PROD007 | B8: Product_7 | C8: Beauty | D8: 103.3
A9: PROD008 | B9: Product_8 | C9: Electronics | D9: 332.9
A10: PROD009 | B10: Product_9 | C10: Home | D10: 217.55
A11: PROD010 | B11: Product_10 | C11: Beauty | D11: 433.28
A12: PROD011 | B12: Product_11 | C12: Electronics | D12: 339.95
A13: PROD012 | B13: Product_12 | C13: Electronics | D13: 39.7
... A41: PROD040 | B41: Product_40 | C41: Sports | D41: 130.65

Sheet Customer_info
A1: CustomerID | B1: CustomerName | C1: Email | D1: Country | E1: SignupDate
A2: CUST001 | B2: Customer_1 | C2: customer1@email.com | D2: India | E2: 44984
A3: CUST002 | B3: Customer_2 | C3: customer2@email.com | D3: UK | E3: 45067
A4: CUST003 | B4: Customer_3 | C4: customer3@email.com | D4: United Kingdom | E4: 45041
A5: CUST004 | B5: Customer_4 | C5: customer4@email.com | D5: United Kingdom | E5: 44979
A6: CUST005 | B6: Customer_5 | C6: customer5@email.com | D6: India | E6: 45206
A7: CUST006 | B7: Customer_6 | C7: customer6@email.com | D7: UK | E7: 45229
A8: CUST007 | B8: Customer_7 | C8: customer7@email.com | D8: United States | E8: 44943
A9: CUST008 | B9: Customer_8 | C9: customer8@email.com | D9: UK | E9: 44974
A10: CUST009 | B10: Customer_9 | C10: customer9@email.com | D10: United Kingdom | E10: 45046
A11: CUST010 | B11: Customer_10 | C11: customer10@email.com | D11: Canada | E11: 45235
A12: CUST011 | B12: Customer_11 | C12: customer11@email.com | D12: UK | E12: 45214
A13: CUST012 | B13: Customer_12 | C13: customer12@email.com | D13: United Kingdom | E13: 45259
... A17: CUST016 | B17: Customer_16 | C17: customer16@email.com | D17: US | E17: 44930
A18: CUST017 | B18: Customer_17 | C18: customer17@email.com | D18: United Kingdom | E18: 45284 | H18: `
A19: CUST018 | B19: Customer_18 | C19: customer18@email.com | D19: United States | E19: 45101
A20: CUST019 | B20: Customer_19 | C20: customer19@email.com | D20: US | E20: 45006
A21: CUST020 | B21: Customer_20 | C21: customer20@email.com | D21: United Kingdom | E21: 45099
A22: CUST021 | B22: Customer_21 | C22: customer21@email.com | D22: UK | E22: 44974
A23: CUST022 | B23: Customer_22 | C23: customer22@email.com | D23: United States | E23: 44976
A24: CUST023 | B24: Customer_23 | C24: customer23@email.com | D24: US | E24: 45103
A25: CUST024 | B25: Customer_24 | C25: customer24@email.com | D25: Canada | E25: 45062
A26: CUST025 | B26: Customer_25 | C26: customer25@email.com | D26: UK | E26: 45162
A27: CUST026 | B27: Customer_26 | C27: customer26@email.com | D27: Canada | E27: 44990
A28: CUST027 | B28: Customer_27 | C28: customer27@email.com | D28: United States | E28: 44967
A29: CUST028 | B29: Customer_28 | C29: customer28@email.com | D29: Canada | E29: 45077
A30: CUST029 | B30: Customer_29 | C30: customer29@email.com | D30: India | E30: 45243
... A121: CUST120 | B121: Customer_120 | C121: customer120@email.com | D121: United Kingdom | E121: 44961

Sheet metrics calculation
A1: total revenue | D1: monthly revenue
A2: =SUM(Sales!G:G) -> 249314.65 | D2: Row Labels | E2: Sum of SalesAmount | G2: revenue growth rate | I2: repeat purchase rate
D3: Jan | E3: 38121.72 | F3: Jan | I3: =E14/A13 -> 0.825
A4: number of orders | D4: Feb | E4: 36272.57 | F4: Feb | G4: =(GETPIVOTDATA("SalesAmount",$D$2,"Order Month","Feb") -GETPIVOTDATA("SalesAmount",$D$2,"Order Month","Jan")) /GETPIVOTDATA("SalesAmount",$D$2,"Order Month","Jan") -> -0.048506468
A5: =COUNTA(Sales!A:A)-1 -> 360 | D5: Mar | E5: 52091.57 | F5: Mar | G5: =(GETPIVOTDATA("SalesAmount",$D$2,"Order Month","Mar") -GETPIVOTDATA("SalesAmount",$D$2,"Order Month","Feb"))/GETPIVOTDATA("SalesAmount",$D$2,"Order Month","Feb") -> 0.43611467 | I5: new customers per month
D6: Apr | E6: 37290.87 | F6: Apr | G6: =(GETPIVOTDATA("SalesAmount",$D$2,"Order Month","Apr")-GETPIVOTDATA("SalesAmount",$D$2,"Order Month","Mar"))/GETPIVOTDATA("SalesAmount",$D$2,"Order Month","Mar") -> -0.28412851
A7: AOV | D7: May | E7: 33711.56 | F7: May | G7: =(GETPIVOTDATA("SalesAmount",$D$2,"Order Month","May")-GETPIVOTDATA("SalesAmount",$D$2,"Order Month","Apr"))/GETPIVOTDATA("SalesAmount",$D$2,"Order Month","Apr") -> -0.095983548
A8: =A2/A5 -> 692.54069 | D8: Jun | E8: 51826.36 | F8: Jun | G8: =(GETPIVOTDATA("SalesAmount",$D$2,"Order Month","Jun")-GETPIVOTDATA("SalesAmount",$D$2,"Order Month","May"))/GETPIVOTDATA("SalesAmount",$D$2,"Order Month","May") -> 0.53734683
D9: Grand Total | E9: 249314.65
A12: total customers | C12: customers with >1 order = 99
A13: =COUNTA(Customer_info!A:A)-1 -> 120 | C13: Row Labels | D13: Count of OrderID | E13: repeat customers | G13: revenue by category | J13: revenue by country
C14: CUST001 | D14: 6 | E14: 99 | G14: Row Labels | H14: Sum of SalesAmount | J14: Row Labels | K14: Sum of SalesAmount
C15: CUST002 | D15: 6 | G15: Beauty | H15: 49960.63 | J15: Canada | K15: 57774.68
C16: CUST003 | D16: 3 | G16: Clothing | H16: 37792.22 | J16: India | K16: 51405.48
C17: CUST005 | D17: 8 | G17: Electronics | H17: 74267.19 | J17: UK | K17: 45344.27
C18: CUST006 | D18: 6 | G18: Home | H18: 42451.15 | J18: United Kingdom | K18: 41535.32
C19: CUST008 | D19: 4 | G19: Sports | H19: 44843.46 | J19: United States | K19: 22096.23
C20: CUST009 | D20: 2 | G20: Grand Total | H20: 249314.65 | J20: US | K20: 31158.67
C21: CUST010 | D21: 2 | J21: Grand Total | K21: 249314.65
C22: CUST012 | D22: 3
C23: CUST014 | D23: 5
C24: CUST015 | D24: 4 | G24: signupmonth | H24: Count of CustomerID
C25: CUST016 | D25: 4 | G25: Oct, 23 | H25: 45
C26: CUST017 | D26: 3 | G26: Feb, 23 | H26: 48 | J26: Row Labels | K26: Sum of SalesAmount | L26: Count of OrderID
C27: CUST018 | D27: 3 | G27: Jan, 23 | H27: 25 | J27: CUST005 | K27: 8064.34 | L27: 8
C28: CUST020 | D28: 2 | G28: Jun, 23 | H28: 21 | J28: CUST097 | K28: 6805.47 | L28: 5
C29: CUST021 | D29: 2 | G29: Mar, 23 | H29: 29 | J29: CUST115 | K29: 6150.95 | L29: 4
C30: CUST022 | D30: 4 | G30: May, 23 | H30: 49 | J30: CUST091 | K30: 5991.77 | L30: 6
C31: CUST023 | D31: 5 | G31: Dec, 23 | H31: 23 | J31: CUST083 | K31: 5603.24 | L31: 7
C32: CUST024 | D32: 2 | G32: Aug, 23 | H32: 32 | J32: CUST030 | K32: 5286.42 | L32: 6
C33: CUST025 | D33: 3 | G33: Nov, 23 | H33: 22 | J33: CUST048 | K33: 5217.3 | L33: 5
C34: CUST026 | D34: 2 | G34: Apr, 23 | H34: 28 | J34: CUST059 | K34: 5179.45 | L34: 10
C35: CUST027 | D35: 2 | G35: Sep, 23 | H35: 21 | J35: CUST042 | K35: 4854.1 | L35: 3
C36: CUST029 | D36: 4 | G36: Jul, 23 | H36: 14 | J36: CUST067 | K36: 4606.64 | L36: 6
C37: CUST030 | D37: 6 | G37: Jan, 24 | H37: 3 | J37: CUST015 | K37: 4221.48 | L37: 4
C38: CUST031 | D38: 3 | G38: Grand Total | H38: 360 | J38: CUST018 | K38: 4025.22 | L38: 3 | P38: lifespan
C39: CUST032 | D39: 2 | J39: CUST094 | K39: 3990.59 | L39: 4 | P39: Row Labels | Q39: Max of Order date | R39: Min of Order date | S39: Count of OrderID | T39: lifespan | W39: frequency | X39: clv
C40: CUST034 | D40: 2 | J40: CUST099 | K40: 3885.64 | L40: 3 | P40: CUST001 | Q40: 45472 | R40: 45305 | S40: 6 | T40: =Q39:Q154-R39:R154 -> 167 | U40: =AVERAGE(T40:T154) -> 75.8 | W40: =IF(T40<>0,GETPIVOTDATA("Count of OrderID",$P$39,"CustomerID","CUST001")/T40,0) -> 0.035928144 | X40: =A8 * W40 *T40 -> 4155.2442 | Z40: =AVERAGE(W40:W154) -> 0.12021058
C41: CUST035 | D41: 4 | J41: CUST069 | K41: 3854.09 | L41: 6 | P41: CUST002 | Q41: 45444 | R41: 45298 | S41: 6 | T41: =Q40:Q155-R40:R155 -> 146 | W41: =IF(T41<>0,GETPIVOTDATA("Count of OrderID",$P$39,"CustomerID","CUST001")/T41,0) -> 0.04109589 | X41: =A9 * W41 *T41 -> 0
C42: CUST036 | D42: 2 | J42: CUST022 | K42: 3808.51 | L42: 4 | P42: CUST003 | Q42: 45404 | R42: 45330 | S42: 3 | T42: =Q41:Q156-R41:R156 -> 74 | W42: =IF(T42<>0,GETPIVOTDATA("Count of OrderID",$P$39,"CustomerID","CUST001")/T42,0) -> 0.081081081 | X42: =A10 * W42 *T42 -> 0
C43: CUST038 | D43: 3 | J43: CUST087 | K43: 3717.79 | L43: 4 | P43: CUST004 | Q43: 45415 | R43: 45415 | S43: 1 | T43: =Q42:Q157-R42:R157 -> 0 | W43: =IF(T43<>0,GETPIVOTDATA("Count of OrderID",$P$39,"CustomerID","CUST001")/T43,0) -> 0 | X43: =A11 * W43 *T43 -> 0
C44: CUST039 | D44: 2 | J44: CUST050 | K44: 3636.4 | L44: 5 | P44: CUST005 | Q44: 45440 | R44: 45321 | S44: 8 | T44: =Q43:Q158-R43:R158 -> 119 | W44: =IF(T44<>0,GETPIVOTDATA("Count of OrderID",$P$39,"CustomerID","CUST001")/T44,0) -> 0.050420168 | X44: =A12 * W44*T44 -> #VALUE!
C45: CUST041 | D45: 3 | J45: CUST106 | K45: 3612.2 | L45: 3 | P45: CUST006 | Q45: 45472 | R45: 45398 | S45: 6 | T45: =Q44:Q159-R44:R159 -> 74 | W45: =IF(T45<>0,GETPIVOTDATA("Count of OrderID",$P$39,"CustomerID","CUST001")/T45,0) -> 0.081081081 | X45: =A13 * W45 *T45 -> 720
C46: CUST042 | D46: 3 | J46: CUST103 | K46: 3546.02 | L46: 3 | P46: CUST008 | Q46: 45468 | R46: 45410 | S46: 4 | T46: =Q45:Q160-R45:R160 -> 58 | W46: =IF(T46<>0,GETPIVOTDATA("Count of OrderID",$P$39,"CustomerID","CUST001")/T46,0) -> 0.10344828 | X46: =A14 * W46 *T46 -> 0
C47: CUST043 | D47: 5 | J47: CUST029 | K47: 3351.2 | L47: 4 | P47: CUST009 | Q47: 45365 | R47: 45310 | S47: 2 | T47: =Q46:Q161-R46:R161 -> 55 | W47: =IF(T47<>0,GETPIVOTDATA("Count of OrderID",$P$39,"CustomerID","CUST001")/T47,0) -> 0.10909091 | X47: =A15 * W47 *T47 -> 0
C48: CUST045 | D48: 3 | J48: CUST049 | K48: 3331.18 | L48: 4 | P48: CUST010 | Q48: 45369 | R48: 45363 | S48: 2 | T48: =Q47:Q162-R47:R162 -> 6 | W48: =IF(T48<>0,GETPIVOTDATA("Count of OrderID",$P$39,"CustomerID","CUST001")/T48,0) -> 1 | X48: =A16 * W48 *T48 -> 0
C49: CUST046 | D49: 4 | J49: CUST043 | K49: 3307.05 | L49: 5 | P49: CUST011 | Q49: 45430 | R49: 45430 | S49: 1 | T49: =Q48:Q163-R48:R163 -> 0 | W49: =IF(T49<>0,GETPIVOTDATA("Count of OrderID",$P$39,"CustomerID","CUST001")/T49,0) -> 0 | X49: =A17 * W49 *T49 -> 0
C50: CUST047 | D50: 4 | J50: CUST085 | K50: 3274.1 | L50: 4 | P50: CUST012 | Q50: 45452 | R50: 45381 | S50: 3 | T50: =Q49:Q164-R49:R164 -> 71 | W50: =IF(T50<>0,GETPIVOTDATA("Count of OrderID",$P$39,"CustomerID","CUST001")/T50,0) -> 0.084507042 | X50: =A18 * W50 *T50 -> 0
C51: CUST048 | D51: 5 | J51: CUST008 | K51: 3204.06 | L51: 4 | P51: CUST013 | Q51: 45431 | R51: 45431 | S51: 1 | T51: =Q50:Q165-R50:R165 -> 0 | W51: =IF(T51<>0,GETPIVOTDATA("Count of OrderID",$P$39,"CustomerID","CUST001")/T51,0) -> 0 | X51: =A19 * W51 *T51 -> 0
C52: CUST049 | D52: 4 | J52: CUST025 | K52: 3178.35 | L52: 3 | P52: CUST014 | Q52: 45411 | R52: 45333 | S52: 5 | T52: =Q51:Q166-R51:R166 -> 78 | W52: =IF(T52<>0,GETPIVOTDATA("Count of OrderID",$P$39,"CustomerID","CUST001")/T52,0) -> 0.076923077 | X52: =A20 * W52 *T52 -> 0
C53: CUST050 | D53: 5 | J53: CUST024 | K53: 2998.61 | L53: 2 | P53: CUST015 | Q53: 45367 | R53: 45321 | S53: 4 | T53: =Q52:Q167-R52:R167 -> 46 | W53: =IF(T53<>0,GETPIVOTDATA("Count of OrderID",$P$39,"CustomerID","CUST001")/T53,0) -> 0.13043478 | X53: =A21 * W53 *T53 -> 0
C54: CUST051 | D54: 3 | J54: CUST014 | K54: 2989.92 | L54: 5 | P54: CUST016 | Q54: 45463 | R54: 45361 | S54: 4 | T54: =Q53:Q168-R53:R168 -> 102 | W54: =IF(T54<>0,GETPIVOTDATA("Count of OrderID",$P$39,"CustomerID","CUST001")/T54,0) -> 0.058823529 | X54: =A22 * W54 *T54 -> 0
C55: CUST053 | D55: 2 | J55: CUST088 | K55: 2989.13 | L55: 5 | P55: CUST017 | Q55: 45461 | R55: 45410 | S55: 3 | T55: =Q54:Q169-R54:R169 -> 51 | W55: =IF(T55<>0,GETPIVOTDATA("Count of OrderID",$P$39,"CustomerID","CUST001")/T55,0) -> 0.11764706 | X55: =A23 * W55 *T55 -> 0
C56: CUST054 | D56: 2 | J56: CUST016 | K56: 2873.2 | L56: 4 | P56: CUST018 | Q56: 45446 | R56: 45372 | S56: 3 | T56: =Q55:Q170-R55:R170 -> 74 | W56: =IF(T56<>0,GETPIVOTDATA("Count of OrderID",$P$39,"CustomerID","CUST001")/T56,0) -> 0.081081081 | X56: =A24 * W56 *T56 -> 0
... C68: CUST070 | D68: 2 | J68: CUST020 | K68: 2518.87 | L68: 2 | P68: CUST031 | Q68: 45471 | R68: 45356 | S68: 3 | T68: =Q67:Q182-R67:R182 -> 115 | W68: =IF(T68<>0,GETPIVOTDATA("Count of OrderID",$P$39,"CustomerID","CUST001")/T68,0) -> 0.052173913 | X68: =A36 * W68 *T68 -> 0
C69: CUST071 | D69: 3 | J69: CUST112 | K69: 2506.64 | L69: 2 | P69: CUST032 | Q69: 45433 | R69: 45424 | S69: 2 | T69: =Q68:Q183-R68:R183 -> 9 | W69: =IF(T69<>0,GETPIVOTDATA("Count of OrderID",$P$39,"CustomerID","CUST001")/T69,0) -> 0.66666667
C70: CUST072 | D70: 2 | J70: CUST041 | K70: 2505.68 | L70: 3 | P70: CUST033 | Q70: 45455 | R70: 45455 | S70: 1 | T70: =Q69:Q184-R69:R184 -> 0 | W70: =IF(T70<>0,GETPIVOTDATA("Count of OrderID",$P$39,"CustomerID","CUST001")/T70,0) -> 0
C71: CUST073 | D71: 3 | J71: CUST017 | K71: 2451.6 | L71: 3 | P71: CUST034 | Q71: 45446 | R71: 45332 | S71: 2 | T71: =Q70:Q185-R70:R185 -> 114 | W71: =IF(T71<>0,GETPIVOTDATA("Count of OrderID",$P$39,"CustomerID","CUST001")/T71,0) -> 0.052631579
C72: CUST074 | D72: 3 | J72: CUST101 | K72: 2398.54 | L72: 3 | P72: CUST035 | Q72: 45448 | R72: 45424 | S72: 4 | T72: =Q71:Q186-R71:R186 -> 24 | W72: =IF(T72<>0,GETPIVOTDATA("Count of OrderID",$P$39,"CustomerID","CUST001")/T72,0) -> 0.25
C73: CUST075 | D73: 2 | J73: CUST066 | K73: 2303.84 | L73: 3 | P73: CUST036 | Q73: 45459 | R73: 45292 | S73: 2 | T73: =Q72:Q187-R72:R187 -> 167 | W73: =IF(T73<>0,GETPIVOTDATA("Count of OrderID",$P$39,"CustomerID","CUST001")/T73,0) -> 0.035928144
C74: CUST077 | D74: 4 | J74: CUST079 | K74: 2286.4 | L74: 4 | P74: CUST038 | Q74: 45464 | R74: 45344 | S74: 3 | T74: =Q73:Q188-R73:R188 -> 120 | W74: =IF(T74<>0,GETPIVOTDATA("Count of OrderID",$P$39,"CustomerID","CUST001")/T74,0) -> 0.05
C75: CUST079 | D75: 4 | J75: CUST111 | K75: 2218.67 | L75: 3 | P75: CUST039 | Q75: 45358 | R75: 45338 | S75: 2 | T75: =Q74:Q189-R74:R189 -> 20 | W75: =IF(T75<>0,GETPIVOTDATA("Count of OrderID",$P$39,"CustomerID","CUST001")/T75,0) -> 0.3
C76: CUST080 | D76: 4 | J76: CUST023 | K76: 2218.51 | L76: 5 | P76: CUST040 | Q76: 45402 | R76: 45402 | S76: 1 | T76: =Q75:Q190-R75:R190 -> 0 | W76: =IF(T76<>0,GETPIVOTDATA("Count of OrderID",$P$39,"CustomerID","CUST001")/T76,0) -> 0
C77: CUST081 | D77: 2 | J77: CUST001 | K77: 2164.11 | L77: 6 | P77: CUST041 | Q77: 45430 | R77: 45310 | S77: 3 | T77: =Q76:Q191-R76:R191 -> 120 | W77: =IF(T77<>0,GETPIVOTDATA("Count of OrderID",$P$39,"CustomerID","CUST001")/T77,0) -> 0.05
C78: CUST082 | D78: 3 | J78: CUST052 | K78: 2156.1 | L78: 1 | P78: CUST042 | Q78: 45428 | R78: 45365 | S78: 3 | T78: =Q77:Q192-R77:R192 -> 63 | W78: =IF(T78<>0,GETPIVOTDATA("Count of OrderID",$P$39,"CustomerID","CUST001")/T78,0) -> 0.095238095
C79: CUST083 | D79: 7 | J79: CUST114 | K79: 2033.7 | L79: 3 | P79: CUST043 | Q79: 45461 | R79: 45336 | S79: 5 | T79: =Q78:Q193-R78:R193 -> 125 | W79: =IF(T79<>0,GETPIVOTDATA("Count of OrderID",$P$39,"CustomerID","CUST001")/T79,0) -> 0.048
C80: CUST084 | D80: 3 | J80: CUST021 | K80: 2014.78 | L80: 2 | P80: CUST044 | Q80: 45403 | R80: 45403 | S80: 1 | T80: =Q79:Q194-R79:R194 -> 0 | W80: =IF(T80<>0,GETPIVOTDATA("Count of OrderID",$P$39,"CustomerID","CUST001")/T80,0) -> 0
... C113: Grand Total | D113: 344 | J113: CUST075 | K113: 920.54 | L113: 2 | P113: CUST079 | Q113: 45446 | R113: 45382 | S113: 4 | T113: =Q112:Q227-R112:R227 -> 64 | W113: =IF(T113<>0,GETPIVOTDATA("Count of OrderID",$P$39,"CustomerID","CUST001")/T113,0) -> 0.09375
J114: CUST044 | K114: 908.52 | L114: 1 | P114: CUST080 | Q114: 45405 | R114: 45322 | S114: 4 | T114: =Q113:Q228-R113:R228 -> 83 | W114: =IF(T114<>0,GETPIVOTDATA("Count of OrderID",$P$39,"CustomerID","CUST001")/T114,0) -> 0.072289157
J115: CUST070 | K115: 886.2 | L115: 2 | P115: CUST081 | Q115: 45455 | R115: 45435 | S115: 2 | T115: =Q114:Q229-R114:R229 -> 20 | W115: =IF(T115<>0,GETPIVOTDATA("Count of OrderID",$P$39,"CustomerID","CUST001")/T115,0) -> 0.3
J116: CUST058 | K116: 870.2 | L116: 1 | P116: CUST082 | Q116: 45467 | R116: 45371 | S116: 3 | T116: =Q115:Q230-R115:R230 -> 96 | W116: =IF(T116<>0,GETPIVOTDATA("Count of OrderID",$P$39,"CustomerID","CUST001")/T116,0) -> 0.0625
J117: CUST051 | K117: 868.2 | L117: 3 | P117: CUST083 | Q117: 45467 | R117: 45361 | S117: 7 | T117: =Q116:Q231-R116:R231 -> 106 | W117: =IF(T117<>0,GETPIVOTDATA("Count of OrderID",$P$39,"CustomerID","CUST001")/T117,0) -> 0.056603774
J118: CUST032 | K118: 836.11 | L118: 2 | P118: CUST084 | Q118: 45414 | R118: 45303 | S118: 3 | T118: =Q117:Q232-R117:R232 -> 111 | W118: =IF(T118<>0,GETPIVOTDATA("Count of OrderID",$P$39,"CustomerID","CUST001")/T118,0) -> 0.054054054
J119: CUST038 | K119: 815.49 | L119: 3 | P119: CUST085 | Q119: 45454 | R119: 45321 | S119: 4 | T119: =Q118:Q233-R118:R233 -> 133 | W119: =IF(T119<>0,GETPIVOTDATA("Count of OrderID",$P$39,"CustomerID","CUST001")/T119,0) -> 0.045112782
J120: CUST081 | K120: 778.5 | L120: 2 | P120: CUST086 | Q120: 45431 | R120: 45371 | S120: 2 | T120: =Q119:Q234-R119:R234 -> 60 | W120: =IF(T120<>0,GETPIVOTDATA("Count of OrderID",$P$39,"CustomerID","CUST001")/T120,0) -> 0.1
J121: CUST096 | K121: 703.56 | L121: 2 | P121: CUST087 | Q121: 45386 | R121: 45326 | S121: 4 | T121: =Q120:Q235-R120:R235 -> 60 | W121: =IF(T121<>0,GETPIVOTDATA("Count of OrderID",$P$39,"CustomerID","CUST001")/T121,0) -> 0.1
J122: CUST060 | K122: 663.29 | L122: 3 | P122: CUST088 | Q122: 45461 | R122: 45299 | S122: 5 | T122: =Q121:Q236-R121:R236 -> 162 | W122: =IF(T122<>0,GETPIVOTDATA("Count of OrderID",$P$39,"CustomerID","CUST001")/T122,0) -> 0.037037037
J123: CUST034 | K123: 642.8 | L123: 2 | P123: CUST089 | Q123: 45421 | R123: 45343 | S123: 3 | T123: =Q122:Q237-R122:R237 -> 78 | W123: =IF(T123<>0,GETPIVOTDATA("Count of OrderID",$P$39,"CustomerID","CUST001")/T123,0) -> 0.076923077
J124: CUST064 | K124: 530.33 | L124: 2 | P124: CUST090 | Q124: 45345 | R124: 45345 | S124: 1 | T124: =Q123:Q238-R123:R238 -> 0 | W124: =IF(T124<>0,GETPIVOTDATA("Count of OrderID",$P$39,"CustomerID","CUST001")/T124,0) -> 0
J125: CUST013 | K125: 463.92 | L125: 1 | P125: CUST091 | Q125: 45460 | R125: 45337 | S125: 6 | T125: =Q124:Q239-R124:R239 -> 123 | W125: =IF(T125<>0,GETPIVOTDATA("Count of OrderID",$P$39,"CustomerID","CUST001")/T125,0) -> 0.048780488
... J142: Grand Total | K142: 249314.65 | L142: 360 | P142: CUST108 | Q142: 45436 | R142: 45404 | S142: 2 | T142: =Q141:Q256-R141:R256 -> 32 | W142: =IF(T142<>0,GETPIVOTDATA("Count of OrderID",$P$39,"CustomerID","CUST001")/T142,0) -> 0.1875
P143: CUST109 | Q143: 45434 | R143: 45434 | S143: 1 | T143: =Q142:Q257-R142:R257 -> 0 | W143: =IF(T143<>0,GETPIVOTDATA("Count of OrderID",$P$39,"CustomerID","CUST001")/T143,0) -> 0
P144: CUST110 | Q144: 45468 | R144: 45394 | S144: 7 | T144: =Q143:Q258-R143:R258 -> 74 | W144: =IF(T144<>0,GETPIVOTDATA("Count of OrderID",$P$39,"CustomerID","CUST001")/T144,0) -> 0.081081081
P145: CUST111 | Q145: 45451 | R145: 45447 | S145: 3 | T145: =Q144:Q259-R144:R259 -> 4 | W145: =IF(T145<>0,GETPIVOTDATA("Count of OrderID",$P$39,"CustomerID","CUST001")/T145,0) -> 1.5
P146: CUST112 | Q146: 45416 | R146: 45365 | S146: 2 | T146: =Q145:Q260-R145:R260 -> 51 | W146: =IF(T146<>0,GETPIVOTDATA("Count of OrderID",$P$39,"CustomerID","CUST001")/T146,0) -> 0.11764706
P147: CUST113 | Q147: 45378 | R147: 45319 | S147: 3 | T147: =Q146:Q261-R146:R261 -> 59 | W147: =IF(T147<>0,GETPIVOTDATA("Count of OrderID",$P$39,"CustomerID","CUST001")/T147,0) -> 0.10169492
P148: CUST114 | Q148: 45444 | R148: 45310 | S148: 3 | T148: =Q147:Q262-R147:R262 -> 134 | W148: =IF(T148<>0,GETPIVOTDATA("Count of OrderID",$P$39,"CustomerID","CUST001")/T148,0) -> 0.044776119
P149: CUST115 | Q149: 45447 | R149: 45302 | S149: 4 | T149: =Q148:Q263-R148:R263 -> 145 | W149: =IF(T149<>0,GETPIVOTDATA("Count of OrderID",$P$39,"CustomerID","CUST001")/T149,0) -> 0.04137931
P150: CUST116 | Q150: 45354 | R150: 45302 | S150: 3 | T150: =Q149:Q264-R149:R264 -> 52 | W150: =IF(T150<>0,GETPIVOTDATA("Count of OrderID",$P$39,"CustomerID","CUST001")/T150,0) -> 0.11538462
P151: CUST117 | Q151: 45457 | R151: 45398 | S151: 2 | T151: =Q150:Q265-R150:R265 -> 59 | W151: =IF(T151<>0,GETPIVOTDATA("Count of OrderID",$P$39,"CustomerID","CUST001")/T151,0) -> 0.10169492
P152: CUST118 | Q152: 45408 | R152: 45341 | S152: 2 | T152: =Q151:Q266-R151:R266 -> 67 | W152: =IF(T152<>0,GETPIVOTDATA("Count of OrderID",$P$39,"CustomerID","CUST001")/T152,0) -> 0.089552239
P153: CUST119 | Q153: 45406 | R153: 45341 | S153: 3 | T153: =Q152:Q267-R152:R267 -> 65 | W153: =IF(T153<>0,GETPIVOTDATA("Count of OrderID",$P$39,"CustomerID","CUST001")/T153,0) -> 0.092307692
P154: CUST120 | Q154: 45391 | R154: 45391 | S154: 1 | T154: =Q153:Q268-R153:R268 -> 0 | W154: =IF(T154<>0,GETPIVOTDATA("Count of OrderID",$P$39,"CustomerID","CUST001")/T154,0) -> 0
P155: Grand Total | Q155: 45472 | R155: 45292 | S155: 360

Sheet Dashboard
H10: Revenue Growth Trend
H11: Jan
H12: Feb | I12: -0.05
H13: Mar | I13: 0.44
H14: Apr | I14: -0.28
H15: May | I15: -0.1
H16: Jun | I16: 0.54
